Method,B-test AUC,C-test AUC,Avg External,Worst-center AUC,B-C Gap
CT+EHR Stacking,0.956113,0.579533,0.767823,0.579533,0.376580
Logistic Stacking,0.946708,0.568409,0.757559,0.568409,0.378299
Equal Average,0.937304,0.556174,0.746739,0.556174,0.381131
